{"cameraMode":{"drawMode":0,"name":"Shaded","section":"Shading Mode"},"sceneLighting":true,"audioPlay":false,"sceneViewState":{"m_AlwaysRefresh":true,"showFog":false,"showSkybox":true,"showFlares":true,"showImageEffects":true,"showParticleSystems":true,"showVisualEffectGraphs":true,"m_FxEnabled":true},"in2DMode":false,"pivot":{"x":1.4263607263565064,"y":-17.39781951904297,"z":88.93560791015625},"rotation":{"x":0.0805041715502739,"y":0.04991552606225014,"z":0.004035006742924452,"w":-0.9955202341079712},"size":87.84590911865235,"orthographic":false}